Route ID,Direction,Route Length (miles),Stops per Mile,Mean Stop Spacing (ft),Stop Spacing Std Dev (ft),% Bus Lane Coverage,Stop Signs per Mile,Street Lights per Mile,Right Angle Turns,Curvature per Mile,Borough,Type
B1,N,6.775861769837902,7.083969778378212,761.1984840642399,338.9715895603468,1.5146251074675148,0.2951654074324255,10.330789260134893,11.0,88.22356319075328,Brooklyn,Local
B1,S,6.784946964155086,7.369254360299394,731.1086844752529,313.22493012276334,0.0,1.3264657848538908,10.759111366037114,11.0,88.22356319075328,Brooklyn,Local
B102,N,4.973521013970913,2.0106479839754194,2917.796761853519,1651.5516623276546,0.0,0.4021295967950838,11.058563911864807,20.0,243.29785527961835,Brooklyn,Local
B102,S,4.167510990869941,2.1595623910091497,2750.529790594728,1953.5151923910985,0.0,0.2399513767787944,11.037763331824545,20.0,243.29785527961835,Brooklyn,Local
B103,E,11.99577158941551,3.1677828905586503,1711.8281198871096,1630.4705323956473,6.002073400376367,0.6669016611702422,9.503348671675951,26.0,130.21585684643077,Brooklyn,Local
B103,W,11.460093043530351,3.2285950785441373,1680.813646384452,2008.7504223584635,6.311253194972845,0.6980746115771107,9.68578523563241,26.0,130.21585684643077,Brooklyn,Local
B106,N,2.082717905178604,1.4404255096384426,5498.248965160571,5814.999230427229,0.298461952877559,0.4801418365461475,4.801418365461475,2.0,52.514965384997225,Brooklyn,Local
B106,S,1.9864107616059308,1.5102616528187878,5244.086076061739,5920.469318423694,0.3129123873854562,0.5034205509395959,5.034205509395959,2.0,52.514965384997225,Brooklyn,Local
B11,E,5.50609882942268,7.264671637612804,745.4410722910706,197.2062114343815,0.6089895293218891,0.3632335818806402,11.078624247359526,26.0,213.9317396918215,Brooklyn,Local
B111,N,3.5505716685900035,1.6898687197554043,3749.377019720419,769.2298550329594,0.1940326641220887,1.6898687197554043,10.420857105158328,19.0,338.234912992867,Brooklyn,Local
B111,S,3.134292003321794,1.9143079182287623,3309.776495721261,768.4216524447008,0.6733783359578965,1.9143079182287623,8.295334312324636,19.0,338.234912992867,Brooklyn,Local
B12,E,4.310741735602174,7.42331644127826,734.2122907480046,415.451270101256,0.43274807917142,0.2319786387899456,12.294867855867118,13.0,184.4915343350666,Brooklyn,Local
B12,W,4.32043832273154,6.712281910707879,814.7112265722333,466.83059140862105,0.431778511189873,0.2314579969209613,12.498731833731911,13.0,184.4915343350666,Brooklyn,Local
B14,E,5.156359954466863,8.727086626490708,618.7584105278827,182.69213479262257,0.1205431038766827,1.7454173252981418,9.30889240159009,22.0,220.11732706814104,Brooklyn,Local
B14,W,5.279400175162748,8.334280134133536,648.256477125091,330.7912454148867,0.1177586792007141,1.515323660751552,8.713111049321423,22.0,220.11732706814104,Brooklyn,Local
B2,E,2.684861583251129,8.194090949508077,675.0509123602839,350.8408352194082,0.0,0.7449173590461887,9.683925667600452,14.0,241.9499657222396,Brooklyn,Local
B2,W,2.4839076000582607,8.051829302962354,690.2596469481302,230.11063611340228,8.240329408740022,1.2077743954443532,9.259603698406709,14.0,241.9499657222396,Brooklyn,Local
B20,N,7.419804626267593,7.547368538754887,712.2988124860766,329.8748976469536,0.8938243674035609,0.6738721909602579,7.277819662370784,33.0,249.24365254736065,Brooklyn,Local
B20,S,7.280570239803618,7.691705203782295,698.9279326099504,228.3153705246996,0.3063400925292307,1.9229263009455737,6.455538296031569,33.0,249.24365254736065,Brooklyn,Local
B24,S,6.265613088548102,5.5860455322354365,973.0099312634622,1257.4863378079972,0.0,0.4788039027630374,8.458868948813661,18.0,193.08114025451496,Brooklyn,Local
B25,E,6.1674308529686295,6.809966905390391,794.2394563065441,253.4664894281838,24.07515817563422,0.8107103458798085,11.025660703965396,5.0,60.623097546225765,Brooklyn,Local
B25,W,5.768221736284955,6.414455215417913,845.996835922655,247.78793553161267,25.71953787016631,0.3467273089415088,12.135455812952808,5.0,60.623097546225765,Brooklyn,Local
B26,E,6.213051744859008,6.438060013438327,841.1516208424501,284.21522827915186,29.49072614948747,0.3219030006719163,10.300896021501323,15.0,160.06868992403042,Brooklyn,Local
B26,W,5.763447684976591,6.94029028913836,780.2774900852393,179.94429438350355,25.48089567255809,0.694029028913836,10.583942690936,15.0,160.06868992403042,Brooklyn,Local
B3,E,5.332122944878337,8.439415307035228,639.8540921396832,192.3335241277396,0.0,0.3750851247571212,14.628319865527727,1.0,25.24905666719427,Brooklyn,Local
B3,W,5.351154118849841,7.8487741274451155,689.1242377445649,267.8262342602057,0.0,0.5606267233889368,14.950045957038316,1.0,25.24905666719427,Brooklyn,Local
B31,N,2.8091634379242647,7.11955727815478,780.6406656046029,232.86994723957,0.0,0.3559778639077389,8.543468733785735,7.0,104.58354225689732,Brooklyn,Local
B32,N,3.656599336769644,5.469562880156467,1016.1223821672774,382.5362566076272,0.0,0.82043443202347,9.298256896265992,13.0,187.24216054406008,Brooklyn,Local
B32,S,3.642693278349495,5.764965204403678,961.6609948270964,598.5389572175374,0.0,1.9216550681345592,9.059231035491496,13.0,187.24216054406008,Brooklyn,Local
B36,E,5.887704435985559,7.812892189160975,690.8208562971221,221.7608350472101,3.279243690967874,1.1889183766114528,8.6621196010263,12.0,122.07565183929329,Brooklyn,Local
B36,W,5.664901545056208,6.35492068373499,854.5807533967497,776.6386284749562,3.4081470192353303,1.059153447289165,8.82627872740971,12.0,122.07565183929329,Brooklyn,Local
B37,N,6.130394309712855,7.177352349144559,752.7553943089273,255.02186861902305,0.0,0.16312164429874,16.638407718471477,9.0,74.95313181756623,Brooklyn,Local
B37,S,6.099678023935294,6.229837025968751,870.4405396318473,290.8483549520879,0.0,0.1639430796307566,16.722194122337175,9.0,74.95313181756623,Brooklyn,Local
B39,E,1.776244276098618,1.6889568852485006,4689.196441304759,5663.149672060368,1.515379458206383,0.562985628416167,3.3779137704970013,3.0,142.46317463459715,Brooklyn,Local
B39,W,1.9052660047178256,2.099444376845641,3353.2681683033734,4744.064655270068,1.7943669904559971,0.5248610942114103,3.674027659479872,3.0,142.46317463459715,Brooklyn,Local
B4,E,9.355267115142093,6.734174366654964,796.7059529931654,227.6258723498318,0.1189822344869812,0.8551332529085668,9.620249095221377,23.0,158.32081691160502,Brooklyn,Local
B4,W,8.956014590498715,7.257692508558149,738.8675026907551,229.0999059711837,0.082873047043586,0.223313615647943,10.160769511981409,23.0,158.32081691160502,Brooklyn,Local
B42,N,1.3305561312971657,7.515654367960374,780.5810457239768,260.69585048657046,15.168252977944208,0.7515654367960374,8.267219804756412,2.0,136.48524785153134,Brooklyn,Local
B42,S,1.3082765694380665,7.643643732223395,767.5124197648115,232.1850194858504,10.673220416935193,0.7643643732223395,8.408008105445735,2.0,136.48524785153134,Brooklyn,Local
B43,N,6.97527520359021,7.598266513229561,708.257110631957,260.61920226964094,0.2673568583681974,1.1469081529403111,12.75935320146096,17.0,168.8944216585448,Brooklyn,Local
B44+,N,9.470849802870694,2.111742918142133,2631.8660706450232,864.6333916360596,47.7508138664691,0.1055871459071066,12.353696071131475,11.0,55.44102710241224,Brooklyn,SBS
B44+,S,9.2847309111796,2.154074274346315,2580.172600698262,742.943110745966,57.25509870794048,0.1077037137173157,12.17051965005668,11.0,55.44102710241224,Brooklyn,SBS
B45,E,4.796996585882275,6.670840686895024,817.0323055159467,373.006162634086,12.136191109485353,0.2084637714654695,11.048579887669884,9.0,138.5945654137211,Brooklyn,Local
B46,S,8.02943227593,6.600715739128808,815.2937066755222,272.5692122744189,53.70612324194229,0.1245418063986567,12.32963883346702,5.0,37.81474289582774,Brooklyn,Local
B46+,N,5.939869026930771,2.18860044574372,2613.5359158774945,951.774545110199,74.86443047877505,0.1683538804418246,11.784771630927722,2.0,14.918771700761784,Brooklyn,SBS
B46+,S,6.108312645117479,2.291958649364573,2480.8517493259114,919.5883138269264,70.5971741095419,0.1637113320974695,11.623504578920334,2.0,14.918771700761784,Brooklyn,SBS
B47,S,7.284302170294175,7.275920021019612,739.636835752947,249.61969732687064,0.0931927563337491,0.4118445294916761,12.218054374919726,15.0,109.2039990276318,Brooklyn,Local
B48,N,6.065464066740101,7.58392094880925,711.6766274814435,251.1626281455104,0.9053763092278352,1.978414160558935,10.221806496221165,11.0,154.08580219290238,Brooklyn,Local
B49,N,9.005465959347024,7.328882291925912,731.5209271592659,233.70798310169036,33.679487445624105,0.4441746843591462,10.771236095709297,16.0,96.05015271477896,Brooklyn,Local
B52,E,5.255795906682663,6.65931490138307,816.1941878613077,250.20102631190275,17.58431505120896,0.1902661400395162,11.035436122291944,8.0,98.85852161240432,Brooklyn,Local
B52,W,5.073200045242075,7.293227089418764,744.0693399688375,216.7214259697162,18.19188256070034,0.1971142456599666,11.03839775695813,8.0,98.85852161240432,Brooklyn,Local
B54,W,4.274799727337556,7.7196598916584,705.3399015787095,221.06375455224187,2.958807632422687,0.4678581752520243,10.994667118422573,9.0,103.04427681670232,Brooklyn,Local
B57,E,7.852312403189199,5.730795934930372,942.2774883827038,487.4283568837512,5.171164822592559,0.8914571454336134,9.806028599769748,19.0,109.5791935315431,Brooklyn,Local
B57,W,8.038357563753816,5.971369103613821,903.0303298503304,521.5616343494759,7.4962255173705135,0.8708246609436822,10.201088885340276,19.0,109.5791935315431,Brooklyn,Local
B60,N,7.834950692542462,8.551425864590646,626.7957577031362,222.0514107347473,1.779212473672216,1.914498327893428,10.593557414343636,19.0,130.6253927916905,Brooklyn,Local
B60,S,8.030648500298092,8.21851435753291,652.3357551011375,214.1875825827828,3.9341575891517913,1.8678441721665704,9.58826675045506,19.0,130.6253927916905,Brooklyn,Local
B62,N,9.73576683835586,5.443844422320867,988.5502701874424,581.2740530767397,18.421598227742937,1.2325685484500075,10.27140457041673,30.0,154.02440379145833,Brooklyn,Local
B62,S,9.31352458396969,5.261166120110761,1024.2132911846008,626.1494346424603,20.576961135052574,0.8589658971609405,10.951815188801993,30.0,154.02440379145833,Brooklyn,Local
B63,S,7.553005177498052,7.281869760113001,738.5160617998096,238.2605180485432,0.0,0.5295905280082183,17.60888505627326,12.0,89.4875357256902,Brooklyn,Local
B64,S,6.607762554936606,7.566857856090093,712.0201283686793,189.21630972091452,0.0,1.5133715712180185,9.080229427308112,27.0,186.2741109470328,Brooklyn,Local
B65,E,4.603425032235007,7.16857552125231,759.5607469782127,277.4411439972838,3.0252638407806542,0.43445912250014,9.99255981750322,10.0,111.90637357494886,Brooklyn,Local
B65,W,4.287090464147337,7.23101139554927,754.5279216899312,254.3915391031096,0.968136420283896,0.2332584321144925,8.863820420350718,10.0,111.90637357494886,Brooklyn,Local
B67,S,6.987082000090135,6.154214305692317,878.3760228684741,465.2137420550534,12.646337139636673,1.2880913663076945,11.449701033846171,22.0,179.60576433271663,Brooklyn,Local
B68,N,7.58063624133062,6.727667490749831,800.5136668763778,279.5255817582053,0.0857762764476514,0.131915048838232,8.70639322332331,7.0,62.42348221207183,Brooklyn,Local
B68,S,7.596667507332316,6.581833409418,818.5767609727817,253.6016153058344,0.0855767391833319,0.13163666818836,8.42474676405504,7.0,62.42348221207183,Brooklyn,Local
B69,N,6.410492131679873,7.019741866246972,769.235845576179,258.7687562547984,1.185467317125751,0.1559942636943771,12.167552568161415,15.0,123.89223451856375,Brooklyn,Local
B7,N,6.963429879065997,7.467584351833057,720.9167768601329,304.42947095788287,20.19013100356968,0.5744295655256197,10.483339570842562,15.0,127.52636041396748,Brooklyn,Local
B7,S,6.62995524717145,7.541529035408133,714.4080443345558,347.0904361926501,21.27931242892263,1.0558140649571386,10.70897123027955,15.0,127.52636041396748,Brooklyn,Local
B70,S,4.425097184746394,7.2314795955908355,753.6939721116439,255.18331679853011,0.0,0.2259837373622136,12.42910555492175,16.0,171.42587409465207,Brooklyn,Local
B8,E,10.070777900564412,7.745181233281744,690.5653469632064,232.7954842821395,1.7963675047200298,0.4964859764924194,12.114257826415034,27.0,132.98397653622175,Brooklyn,Local
B82,E,10.44694019137726,6.891970154038755,776.7791619231466,303.54686081783365,17.977534122238357,0.0957218076949827,13.209609461907617,22.0,109.9832811113654,Brooklyn,Local
B82,W,10.526085637165508,7.505164096429803,712.284080890374,230.01955731720912,19.82741218891363,0.0950020771699975,13.585297035309644,22.0,109.9832811113654,Brooklyn,Local
B82+,E,8.93478880899831,2.574207459367868,2144.349314159594,698.7914014706154,24.82810791392128,0.1119220634507768,13.542569677544003,15.0,94.4157492645194,Brooklyn,SBS
B82+,W,9.003092706811872,2.554677681214797,2159.8508497815983,633.8727267898836,25.190076695672754,0.1110729426615129,13.7730448900276,15.0,94.4157492645194,Brooklyn,SBS
B84,N,2.251284206488319,5.774481943476226,990.5650508548604,537.1092430970922,0.0,1.7767636749157616,6.6628637809341065,17.0,366.0383317962057,Brooklyn,Local
B84,S,2.19597059206589,5.919933557839711,966.2149760877728,439.6545369111661,0.0,1.821518017796834,4.553795044492085,17.0,366.0383317962057,Brooklyn,Local
B9,W,8.028796709734522,6.850341587714532,785.0368361049865,188.24991896242148,2.626831504823305,0.2491033304623466,10.46233987941856,18.0,107.21574489281396,Brooklyn,Local
B93,E,1.9670136652978067,3.050309261116189,2077.166430554484,874.2755485926216,31.42818404585892,0.5083848768526982,16.26831605928634,5.0,123.85092516234262,Brooklyn,Local
B93,W,2.5864297920796746,2.3198000650833714,2731.23084557227,1311.1449719573995,14.05474399964744,0.3866333441805619,11.212366981236295,5.0,123.85092516234262,Brooklyn,Local
B96,N,3.243432533704572,2.7748380478012944,2140.6554618897394,772.0054989393404,8.405488140701712,0.3083153386445882,12.024298207138942,4.0,57.94541697142963,Brooklyn,Local
B96,S,2.938795709855461,3.0624789500739564,1939.581224623118,531.6323497012047,87.4090288472067,0.3402754388971063,12.249915800295826,4.0,57.94541697142963,Brooklyn,Local
B98,N,5.155073126185893,2.1338203611747057,2721.8786106261514,1439.8304363774737,0.1205794496183951,0.5819510075931015,11.05706914426893,8.0,137.3040497859305,Brooklyn,Local
B98,S,4.573736655236372,2.1863961031843004,2683.246391453697,1745.7677971625285,15.11287132873088,0.6559188309552901,10.713340905603072,8.0,137.3040497859305,Brooklyn,Local
B99,E,3.561632838382071,2.2461607815908757,2686.477325829233,2023.0327308602216,0.1745225483387274,1.403850488494297,8.703873028664642,17.0,198.9195590490814,Brooklyn,Local
B99,W,3.912576256182835,2.0446885827101844,2951.1544010689354,2307.303299924982,0.1588674017377221,1.0223442913550922,7.923168258001964,17.0,198.9195590490814,Brooklyn,Local
BX10,N,7.3097510961047485,5.335338985862664,1015.6697586863498,396.5865001138376,0.0940736562643444,0.8208213824404097,7.25058887822362,20.0,159.00804416622864,Bronx,Local
BX11,E,4.969619428440997,5.634234251370791,971.8366882284616,534.0240248144604,17.05243989878334,0.4024453036693422,10.664800547237569,14.0,210.49321486082255,Bronx,Local
BX11,W,5.6120657759772286,4.632875136869297,1185.247853854527,863.9584433740221,12.956818572177449,0.3563750105284075,9.443937779002798,14.0,210.49321486082255,Bronx,Local
BX12+,E,6.911370856596252,2.3150255328477285,2432.80067842834,1397.2381206645814,26.67904361112171,1.4468909580298304,7.089765694346169,15.0,97.49956979095764,Bronx,SBS
BX16,E,7.063329792845392,4.955170015628082,1096.8906202484222,548.210473866293,0.0918523785880925,0.9910340031256164,7.645119452683327,23.0,151.16445813323318,Bronx,Local
BX17,S,5.676481881121917,5.989625389816296,908.2354951158744,258.9001054663627,18.60258148014665,0.5284963579249673,11.62691987434928,14.0,113.15690218934223,Bronx,Local
BX19,N,6.792780183915271,5.741389967593637,943.8345634195696,349.9630258111964,20.64016007137085,0.1472151273741958,9.12733789720014,4.0,33.40898351238596,Bronx,Local
BX19,S,6.772906740745573,5.905883770606405,916.9464303970956,362.29572679573255,20.811766571474628,0.1476470942651601,9.449414032970248,4.0,33.40898351238596,Bronx,Local
BX2,S,7.7632908962588925,5.925322213826519,910.8876985203732,240.69436160060388,5.759034355747662,0.7728681148469372,7.213435738571414,19.0,129.64524414310105,Bronx,Local
BX20,N,3.283038935872064,5.787320945967729,963.024754522472,438.5270685137624,0.0,1.5229791963072972,7.919491820797946,10.0,149.29086645432096,Bronx,Local
BX22,S,6.751298616994285,5.628546766446809,963.4266961461722,460.7426060070479,13.079852401412827,0.1481196517486002,10.812734577647818,10.0,130.2530836350918,Bronx,Local
BX23,S,6.500298772138949,3.69213798339037,1492.2270854997478,1532.3824827562191,0.7594611438272183,1.3845517437713888,3.845977066031636,30.0,223.01047402107295,Bronx,Local
BX24,E,4.765849548522674,5.245654472611194,1048.4723595462417,328.0071973168858,0.1333603509264542,2.308087967948925,4.406349756993403,16.0,220.5091342958642,Bronx,Local
BX24,W,3.8512205558983807,5.193158820615654,1070.2329087521357,332.77659058432255,1.405882989711098,1.2982897051539135,5.193158820615654,16.0,220.5091342958642,Bronx,Local
BX25,E,6.707872929606568,5.068670852414937,1073.2575796364006,674.4111681654971,0.09324278294584,0.8944713268967536,7.603006278622405,21.0,171.31495364148077,Bronx,Local
BX25,W,7.19304488239017,4.865811429271922,1117.0256829571113,695.4892262503033,0.0869503949725653,1.390231836934835,7.646275103141592,21.0,171.31495364148077,Bronx,Local
BX26,E,5.655561460189912,5.304513125915638,1029.6910255674752,640.6921535680553,0.1105922262130347,0.5304513125915639,7.956769688873457,19.0,170.25478309560106,Bronx,Local
BX27,N,3.492628291717426,6.012663886907271,922.0523665908224,227.39423461508443,0.3820818592432249,0.5726346558959305,6.298981214855236,10.0,200.2992280894225,Bronx,Local
BX27,S,3.5900121304689145,6.128112998082388,902.6255614509246,229.24167766482964,0.1758198913565035,0.5571011816438535,6.963764770548168,10.0,200.2992280894225,Bronx,Local
BX29,E,3.8022280668067,3.156044242784783,1813.4416516141744,1742.271645934233,1.138255953448404,0.2630036868987319,2.893040555886051,2.0,45.79635959377209,Bronx,Local
BX3,N,4.390423561054109,5.694211424557333,965.8877816621462,583.3334274757067,53.63195009935357,0.2277684569822933,7.744127537397974,11.0,133.76303042267884,Bronx,Local
BX3,S,4.386380967187514,5.699459346329794,965.0038127812531,458.2950331033298,51.27866714880041,0.2279783738531917,8.435199832568095,11.0,133.76303042267884,Bronx,Local
BX30,W,6.73251390035535,5.495718322697721,984.8648660566791,531.2132767010555,0.0977701721755936,0.8911975658428738,9.060508586069217,24.0,173.93381969264743,Bronx,Local
BX32,N,5.112619576448825,6.063427864416287,899.8161585227195,254.90764753967463,0.484991254313538,0.3911888944784701,10.170911256440222,13.0,138.14694152126273,Bronx,Local
BX32,S,5.364434213973397,5.7788014100817024,944.1300619527344,275.01992710623784,0.4623856472108592,0.372825897424626,9.507060384327962,13.0,138.14694152126273,Bronx,Local
BX33,E,3.088509710924072,5.180492048772887,1087.1422526220344,431.5085030429164,0.0,1.2951230121932218,7.446957320111025,8.0,122.94214279816345,Bronx,Local
BX33,W,2.723024116984806,5.508581399054755,1026.960525896627,415.0571866306242,0.0,1.101716279810951,8.446491478550623,8.0,122.94214279816345,Bronx,Local
BX34,N,3.999150482891482,5.251115228056258,1055.774476374262,622.2726424379364,3.497150611282493,1.000212424391668,9.001911819525015,7.0,123.15485439987356,Bronx,Local
BX34,S,3.985001346669116,5.520700769245364,1001.9382676134034,565.6494339472681,0.1628129546650704,0.2509409440566074,9.535755874151082,7.0,123.15485439987356,Bronx,Local
BX35,E,4.024259696112589,5.466844006427287,1011.8138664511652,489.2727794548659,29.96257724595183,0.4969858187661169,10.933688012854574,14.0,177.49798224699893,Bronx,Local
BX35,W,4.160520456934747,5.528154527317285,998.4946964191142,531.6568208010513,27.304657722900096,0.9614181786638756,10.8159545099686,14.0,177.49798224699893,Bronx,Local
BX38,E,8.384828600586836,5.128309956984753,1054.092738359488,564.8341610939359,24.976810010153404,0.5963151112772969,8.825463646903993,27.0,197.7591602809855,Bronx,Local
BX39,N,7.396992671815934,5.813173259429993,929.9020273073298,249.2964320208382,4.975561149304782,0.4055702274020925,9.868875533450918,10.0,73.4652266026333,Bronx,Local
BX39,S,7.687103879542425,5.593784170711581,966.3777544765863,383.57797157766,3.731764487562089,0.2601760079400735,9.756600297752756,10.0,73.4652266026333,Bronx,Local
BX4,N,4.404866072890646,5.902563113102275,930.3077145945044,278.3911575565254,0.0,0.2270216581962413,4.540433163924827,6.0,87.65170000534634,Bronx,Local
BX4,S,4.663513443801753,6.004056884882497,911.9759622543957,300.2824680284122,4.940913919703624,0.2144306030315177,4.931903869724909,6.0,87.65170000534634,Bronx,Local
BX40,E,8.34616553019443,5.2718820206499055,1024.8301591276504,330.8557887798592,1.6071023449482893,2.036863507978373,10.423948540830494,11.0,101.6350076121903,Bronx,Local
BX41,S,5.33261270743445,5.063184124051989,1077.7520293067744,445.23437851668166,76.17075059223502,0.1875253379278514,11.063994937743235,4.0,52.5702967240578,Bronx,Local
BX41+,N,5.554606552528004,2.1603690354159437,2666.211145213442,775.6127256633001,73.00155246016679,0.1800307529513286,10.801845177079716,4.0,54.67172228879563,Bronx,SBS
BX41+,S,5.332611321494769,2.2503046399857087,2547.413222201329,862.623830934493,76.17074743852322,0.1875253866654757,11.063997813263068,4.0,54.67172228879563,Bronx,SBS
BX46,E,3.1477787012635288,5.082949444183464,1108.011494032763,502.535895509695,0.0,3.4945277428761314,3.4945277428761314,8.0,178.8980552826237,Bronx,Local
BX46,W,2.0595071149006303,5.826636826442326,988.5634151523026,341.1097027945603,0.0,2.427765344350969,5.341083757572132,8.0,178.8980552826237,Bronx,Local
BX4A,N,3.4876368377030715,6.021269122111471,920.7361251536108,383.89473072753447,0.0,0.2867271010529272,8.028358829481961,8.0,158.34056928049978,Bronx,Local
BX4A,S,3.2579557450758667,6.138818806924668,905.3687542945266,320.382218409937,0.0,0.3069409403462334,7.0596416279633685,8.0,158.34056928049978,Bronx,Local
BX6,W,5.0083976141212805,4.991616466215059,1101.8474751066817,663.4414798114598,21.400128187150656,0.9983232932430118,9.783568273781516,15.0,160.18214789687374,Bronx,Local
BX6+,E,6.187785190624672,3.393782969683212,1633.5703934488074,993.6052013668816,18.072676533274947,1.454478415578519,7.9188269292608275,16.0,170.6785435201499,Bronx,SBS
BX6+,W,5.008396814352232,2.9949703579827163,1888.8810842699847,1053.3583311113812,21.400122931733847,0.9983234526609054,9.783569836076872,16.0,170.6785435201499,Bronx,SBS
BX7,N,5.923957183571573,6.077018939271854,893.6712551216544,329.1880464825324,0.2103774410437856,0.3376121632928808,10.803589225372184,8.0,70.20799251071718,Bronx,Local
BX7,S,6.071761168134745,6.258480685872179,866.4496387534073,321.7771462615763,0.2052611254889527,0.164696860154531,10.869992770199048,8.0,70.20799251071718,Bronx,Local
BX9,N,6.397750337128411,5.626977938022878,965.1456049886932,257.494424366028,8.43284760781208,0.1563049427228577,11.410260818768617,7.0,67.45102139798881,Bronx,Local
BX9,S,6.1435012561013815,5.6970770479195325,953.1490883402524,261.9100053043218,12.450317211508215,0.162773629940558,11.71970135572018,7.0,67.45102139798881,Bronx,Local
BX92,N,1.519688253667949,2.632118785116304,2674.65132645559,106.52029774655963,42.96314885503307,0.658029696279076,12.502564229302443,2.0,56.53509846531402,Bronx,Local
BX92,S,1.5409181249864567,2.5958549874511707,2711.86854578676,77.55940583337149,40.02718186425832,0.6489637468627927,13.628238684118646,2.0,56.53509846531402,Bronx,Local
BX95,N,2.372394826922621,1.6860599907767653,4175.414895383813,1194.68446316349,0.2908400811001911,0.4215149976941913,7.1657549608012525,3.0,110.35418286794032,Bronx,Local
BX95,S,1.7421697017713609,2.295987581423886,3066.1474597209103,265.31105802265665,0.0,0.5739968953559715,5.165972058203744,3.0,110.35418286794032,Bronx,Local
J90,E,3.780400918316878,2.3806998766699614,2495.0646060891395,846.7628156610873,0.3301293147417068,0.2645222085188846,9.25827729816096,6.0,67.16486076798164,Unknown,Local
J90,W,3.556742266317592,2.5304054458008243,2347.4498957696105,473.04085249771447,0.3508686126572012,0.281156160644536,8.715840979980618,6.0,67.16486076798164,Unknown,Local
L90,E,3.097171027012227,2.5830023367219166,2336.135398417466,1054.415619096572,0.0,2.260127044631677,11.300635223158384,13.0,218.03763965764756,Unknown,Local
L90,W,2.861690809233263,2.795550090243136,2158.513903105505,972.523084143452,0.0,2.795550090243136,10.48331283841176,13.0,218.03763965764756,Unknown,Local
L92,E,3.2069491447183047,6.236456862104928,891.1801461093656,322.9603191877954,56.23857428378939,0.3118228431052464,16.52661068457806,7.0,127.41364173664034,Unknown,Local
L92,W,3.600513619629254,6.110239350313956,905.259360127865,309.0195268955285,55.83528519753954,0.2777381522869979,14.99786022349789,7.0,127.41364173664034,Unknown,Local
M10,N,5.133872816919749,8.375743134556144,645.3998141659027,163.6447427491842,1.1513256206555604,0.1947847240594452,19.08890295782563,6.0,79.92096959613096,Manhattan,Local
M10,S,5.2555224157451175,8.562421856518709,630.6600003403977,193.22019216001772,0.4718936832646458,0.1902760412559713,18.45677600182922,6.0,79.92096959613096,Manhattan,Local
M100,N,5.874851904814102,5.617162872302943,969.3505642943268,255.99173949812683,1.2557035823141771,0.3404341134729056,14.808883936071396,9.0,114.7809652358174,Manhattan,Local
M100,S,6.213937909127457,5.632499151397957,964.9848861345412,421.5191260036773,1.685907742341941,0.4827856415483963,14.161712152086292,9.0,114.7809652358174,Manhattan,Local
M102,N,7.918153111011635,7.577524601861898,708.6068288595671,212.7474336345417,35.41114614420425,0.1262920766976983,19.57527188814324,11.0,64.29286117434839,Manhattan,Local
M102,S,7.518544208061062,7.315245940967049,735.1465255230984,210.60407558298903,43.76936248537021,0.1330044716539463,20.48268863470774,11.0,64.29286117434839,Manhattan,Local
M103,N,7.897147208812727,6.711284290212456,796.9833453514156,321.348114833625,35.50542558421116,0.3798840164271201,20.89362090349161,6.0,34.321009079507824,Manhattan,Local
M103,S,7.887365294224343,6.84639267811552,785.7601651604629,331.02743914349594,41.72276001635071,0.3803551487841955,20.66596308394129,6.0,34.321009079507824,Manhattan,Local
M104,N,4.912760891425034,6.92075204786482,786.0377200695,271.8370445095727,16.383280679012486,0.2035515308195535,9.159818886879908,8.0,112.62733015205232,Manhattan,Local
M104,S,5.302567743025064,7.7321030087604115,699.9359385266557,214.8725899733976,1.115579482063278,0.188587878262449,16.784321165357966,8.0,112.62733015205232,Manhattan,Local
M106,E,2.425545355232351,6.596454675846417,853.7722452256244,702.730658532992,20.801651664140085,0.412278417240401,9.482403596529224,14.0,252.9377579941904,Manhattan,Local
M106,W,2.491852735591219,6.8222330144909495,822.3114027451022,662.3049927788849,38.81551205703956,0.4013078243818205,10.032695609545517,14.0,252.9377579941904,Manhattan,Local
M116,E,2.901645201538379,6.8926414536816925,806.3519296906653,367.12711099688335,12.777520955492353,0.3446320726840846,9.649698035154367,6.0,107.930972627423,Manhattan,Local
M116,W,2.500056306174145,8.79980180673081,628.5855855523566,256.1364601335968,0.4972926966565589,0.3999909912150368,9.99977478037592,6.0,107.930972627423,Manhattan,Local
M12,N,3.566892571623817,5.887477567186672,941.6434409628348,359.2756865110359,5.344016609362802,0.5607121492558734,12.335667283629215,10.0,159.4133478080983,Manhattan,Local
M12,S,3.336020002985978,5.6954094948452445,978.5658675425536,301.30796159190965,9.156625494526372,0.2997583944655391,15.587436512208036,10.0,159.4133478080983,Manhattan,Local
M125,E,3.1947646436860127,6.26024206181419,887.8006743546481,716.6119967639609,39.13949300840606,0.3130121030907095,12.20747202053767,7.0,108.99840852436404,Manhattan,Local
M125,W,3.498795805541963,6.002065043846451,923.6670599581032,499.16423870076505,36.30895560231382,0.8574378634066359,11.146692224286266,7.0,108.99840852436404,Manhattan,Local
M14A+,E,3.2069492625937803,6.236456632876069,891.1801788663399,318.9468581108922,56.23857144368054,0.3118228316438035,16.526610077121582,7.0,126.79441196022512,Manhattan,SBS
M14A+,W,3.600513632022663,6.110239329281763,905.259363243922,310.3585368551309,55.835285708828266,0.2777381513309892,14.997860171873418,7.0,126.79441196022512,Manhattan,SBS
M14D+,E,3.5298138647009885,6.515924318277994,847.1495001606218,230.99408261179653,60.24198478284263,0.2833010573164345,11.048741235340946,12.0,159.45933345868156,Manhattan,SBS
M14D+,W,3.1199151014945823,6.730952387114649,823.6521770254315,202.3495188447727,71.34822784279697,0.3205215422435547,13.461904774229298,12.0,159.45933345868156,Manhattan,SBS
M15+,N,8.608923641215924,2.439329337231055,2272.748475635669,733.6084156410777,73.17183520999151,0.1161585398681454,17.888415139694402,7.0,62.63126583817435,Manhattan,SBS
M15+,S,8.652643124332409,2.427004060868424,2284.2958653441347,758.5851520189411,77.48378765930562,0.1155716219461154,18.14474464554012,7.0,62.63126583817435,Manhattan,SBS
M20,N,6.323244308872286,6.484013268706379,834.6570566005182,381.4839755370483,12.460725073550616,1.4233199858135954,17.237986494853544,22.0,181.1338131155863,Manhattan,Local
M21,E,2.481481852774111,8.462685300931607,655.1111673277246,304.1842034532786,0.9998929870925692,0.8059700286601531,12.89552045856245,12.0,198.0686235221333,Manhattan,Local
M22,E,2.7254867704414174,7.705045655605534,719.503961473996,359.7318576243336,9.362366569845088,1.1007208079436477,12.47483582336134,15.0,318.62300630979973,Manhattan,Local
M22,W,2.906675545496068,7.568784219514726,730.8118113085395,338.0221444335668,0.8224294982413113,0.6880712926831569,11.35317632927209,15.0,318.62300630979973,Manhattan,Local
M23+,E,2.3759009987895405,6.313394374446624,896.040103237997,133.08094148793484,61.72629148340566,0.4208929582964416,10.94321691570748,6.0,235.36852500897933,Manhattan,SBS
M23+,W,2.4612555138568566,6.500747244615635,866.3566050916307,197.57697697096705,59.83687638766748,0.4062967027884772,12.188901083654317,6.0,235.36852500897933,Manhattan,SBS
M3,N,10.8769511014559,7.355002266148999,726.9636991842185,282.27828607412283,8.811882169454346,0.183875056653725,17.560067910430735,21.0,104.34923891919716,Manhattan,Local
M3,S,10.47314916507465,7.73406343434073,691.2240510704335,191.00816949188663,36.59745526854416,0.0954822646214905,18.046148013461703,21.0,104.34923891919716,Manhattan,Local
M31,E,3.947670196232961,7.599419026601389,718.7470472784998,190.7295552429413,28.515126006753288,0.2533139675533796,14.18558218298926,9.0,119.42852758945254,Manhattan,Local
M31,W,3.790802127055263,7.12250312600038,769.824431955838,258.6091154421359,28.31460282607676,0.2637964120740881,14.772599076148936,9.0,119.42852758945254,Manhattan,Local
M34A+,E,2.709110659756176,5.536872385032078,1021.709448262074,319.65178131571975,64.99533170765672,0.7382496513376103,13.657618549745791,6.0,121.013808469394,Manhattan,SBS
M34A+,W,2.21422354594247,6.32275816308375,899.3109904091335,400.6873369374028,56.99462643171636,0.4516255830774107,12.19389074309009,6.0,121.013808469394,Manhattan,SBS
M35,E,2.709561815602356,4.059697009553044,1430.6010396637553,1376.2950004437905,0.6989150127291335,2.583443551533755,1.8453168225241108,19.0,310.73454677035323,Manhattan,Local
M42,E,2.1188481209448446,7.551272713621975,745.8080671734784,206.7163908106182,88.64553622039043,0.4719545446013734,12.27081815963571,5.0,147.06145589448067,Manhattan,Local
M42,W,2.0764317335438083,7.223931207408285,783.0409705281348,184.2530031316535,90.95323086157148,0.4815954138272189,13.003076173334913,5.0,147.06145589448067,Manhattan,Local
M50,E,2.443922060925245,6.956031974916569,806.4824083979606,306.5679591616852,6.935897430460986,0.4091783514656805,9.820280435176333,7.0,159.69271456396962,Manhattan,Local
M50,W,2.138433685875783,7.014479849935977,806.4193441849444,183.99091886958985,2.034980140133359,0.4676319899957318,8.417375819923173,7.0,159.69271456396962,Manhattan,Local
M55,N,4.194357287888937,7.390882052301896,738.2045353398487,247.33661819466164,32.1347204568084,0.2384155500742547,18.834828455866123,5.0,52.1459258485444,Manhattan,Local
M55,S,4.528071773762053,7.950404012719559,683.0914106454153,244.4512777689298,49.02153094114166,0.2208445559088766,17.88840902861901,5.0,52.1459258485444,Manhattan,Local
M57,E,2.911726515595929,7.555654654433563,732.0800767447023,202.93623631301648,36.64963768489015,0.3434388479287983,11.333481981650344,8.0,128.09568887310348,Manhattan,Local
M57,W,2.716276966697962,7.363019399421912,754.8317387770452,196.7992913202179,43.20695204670788,0.3681509699710956,12.148982009046154,8.0,128.09568887310348,Manhattan,Local
M60+,E,9.18136403130307,2.069409287685483,2693.190305587006,2629.5421484606018,13.479584481326205,0.1089162782992359,4.465567410268673,12.0,70.47501704776197,Manhattan,SBS
M66,E,2.056458045614874,6.807821841954498,835.2301296158607,732.2044471444866,1.5113105068265489,0.4862729887110356,7.780367819376569,7.0,158.1077277550861,Manhattan,Local
M66,W,1.9419208663453804,6.179448507901114,932.109996389566,778.4327081384581,4.208296514250791,0.5149540423250929,7.2093565925513,7.0,158.1077277550861,Manhattan,Local
M7,N,7.8377315183490195,7.910452132080687,678.4132344279236,148.71534305890694,16.763794644006833,0.1275879376142046,16.458843952232396,15.0,92.47021131715196,Manhattan,Local
M7,S,7.647554777134528,7.322602012271263,734.163110170831,217.31720409330137,9.73107581799152,0.1307607502191297,17.65270127958251,15.0,92.47021131715196,Manhattan,Local
M72,E,2.9450804897937224,6.451436579015464,863.8902770061585,745.9609285662943,1.2665999693470047,0.3395492936323928,9.507380221707,20.0,302.01658760019114,Manhattan,Local
M72,W,3.078530590971816,6.171775604803124,903.0356400183994,646.5002926094343,12.766145372923528,0.6496605899792762,9.420078554699506,20.0,302.01658760019114,Manhattan,Local
M79+,E,2.270484674200353,5.725649746822668,998.9998291548484,592.6665668946715,38.90534043251379,0.4404345959094359,7.487388130460411,10.0,171.8599327223091,Manhattan,SBS
M79+,W,3.0079689401563154,4.654303378302989,1221.697377849651,1182.2453051562854,32.689396238740706,0.3324502413073563,9.973507239220693,10.0,171.8599327223091,Manhattan,SBS
M8,E,2.133992577261317,9.840709018280924,563.3722517989228,162.69145067405842,0.5825558784846643,0.4686051913467107,11.246524592321055,6.0,160.20848060435696,Manhattan,Local
M8,W,2.0444497898222878,10.271712274149522,539.7347445130838,173.39628492678295,0.6080740327511357,0.489129155911882,11.249970585973289,6.0,160.20848060435696,Manhattan,Local
M86+,E,2.359321670085845,6.781610241140975,830.4806928238335,410.7580453210719,14.31296419469558,0.4238506400713109,8.900863441497531,10.0,215.91877077904223,Manhattan,SBS
M86+,W,2.28874500541148,6.553810041981167,863.1803755680895,426.7782532914041,16.16531049842738,0.4369206694654111,9.175334058773634,10.0,215.91877077904223,Manhattan,SBS
M9,N,4.515694354028952,5.536247150495189,993.4499078101876,739.5746449008018,12.774501933326038,0.4428997720396151,14.837142363327107,23.0,243.05797810337296,Manhattan,Local
M9,S,5.126949449692683,6.046480524955866,902.3387264014106,745.0429018550548,16.494615644951548,0.9752387943477204,13.848390879737629,23.0,243.05797810337296,Manhattan,Local
M90,N,3.5102048226740354,2.279069286306116,2647.697351959844,1418.675471897426,13.463035285584468,1.139534643153058,10.540695449165788,11.0,207.67563942776,Manhattan,Local
M90,S,3.404477149614129,2.349846877634863,2567.9314361715005,1399.4519475862592,12.313375284630643,0.8811925791130736,10.86804180906124,11.0,207.67563942776,Manhattan,Local
M96,E,1.804643158461716,6.095387860155378,952.8283607408246,834.1333868910035,54.12484989102908,0.5541261691050343,7.757766367470481,12.0,287.6027405242625,Manhattan,Local
M96,W,1.916702804217092,6.260751522665817,920.0077066951926,711.4250015405552,52.31718924528549,0.5217292935554848,9.391127283998726,12.0,287.6027405242625,Manhattan,Local
M98,N,7.454788495297836,2.4145554245239333,2315.3585937313283,4165.833741290607,18.626713172451517,0.1341419680291074,10.060647602183057,9.0,55.82960386913334,Manhattan,Local
M98,S,7.178228287263354,2.3682724092467,2368.790313012581,3866.4787211258654,20.08954709064068,0.2786202834407882,11.284121479351926,9.0,55.82960386913334,Manhattan,Local
Q10,N,5.77789242533658,3.634543264930497,1525.3538878483123,1113.0850051191453,0.0,0.3461469776124283,7.269086529860994,17.0,150.5643901450842,Queens,Local
Q10,S,5.978023503723664,3.6801461195822287,1503.0323051989085,989.9208818283216,0.0,0.8363968453595974,6.691174762876779,17.0,150.5643901450842,Queens,Local
Q100,N,5.720118350748188,2.0978586917577338,2745.6323231138263,1530.8744169899128,30.26586866399812,0.8741077882323891,5.769111402333768,11.0,87.79018168092867,Queens,Local
Q100,S,5.514683942875863,2.176008656942559,2645.8363945825467,1463.804554470702,31.393333466690205,0.5440021642356397,5.802689751846823,11.0,87.79018168092867,Queens,Local
Q101,N,4.590115881841997,5.01076674142052,1101.6278116420792,436.3242736135351,0.0,0.8714376941600905,9.367955212220972,4.0,77.75604003237126,Queens,Local
Q101,S,4.276276139927754,4.910814763322274,1128.9328958488263,519.8279394009128,0.0,0.2338483220629654,9.353932882518617,4.0,77.75604003237126,Queens,Local
Q102,S,2.608284158772,4.600725714505621,1251.9595216329978,505.3170192547989,0.2390749459690416,3.8339380954213502,8.051270000384836,4.0,140.0628325198333,Queens,Local
Q103,N,4.021136235956516,5.222404506522443,1061.5686642589278,343.10716436726403,5.608980862144237,1.7408015021741474,7.460577866460632,16.0,211.00465307863792,Queens,Local
Q103,S,3.709649078531286,5.391345536089991,1030.8865461641387,371.10306992896005,6.079946798186038,1.0782691072179984,8.356585580939488,16.0,211.00465307863792,Queens,Local
Q104,N,2.793637455178467,5.011387563568313,1134.615939812817,290.2858089205666,0.2225025862410237,0.3579562545405938,12.528468908920782,6.0,129.23075921417745,Queens,Local
Q104,S,2.655782052073818,5.648053833441251,1001.6092310678398,144.9809185249234,0.234050045985646,0.3765369222294167,12.049181511341336,6.0,129.23075921417745,Queens,Local
Q107,E,2.699410224443896,2.963610320342503,2036.0960238732569,719.308165060115,0.0,0.3704512900428128,12.224892571412823,3.0,75.2838631718082,Queens,Local
Q107,W,3.115845876677706,2.5675210894994773,2259.487868094586,1216.9003623441415,0.2997666914801448,0.3209401361874346,11.553844902747649,3.0,75.2838631718082,Queens,Local
Q109,N,8.230035738988157,0.4860246208957265,14484.862900619157,12777.3508366953,0.8958279437576178,0.2430123104478632,3.888196967165813,7.0,39.28318781566995,Queens,Local
Q109,S,8.714363154864538,0.4590123143728658,15337.279152561585,14014.525565784048,1.1437625385968653,0.3442592357796493,4.704876222321874,7.0,39.28318781566995,Queens,Local
Q110,E,5.445419224931039,4.040092982974807,1369.1324935691252,393.1510281592082,8.432139732903593,0.1836405901352185,12.854841309465296,7.0,55.45943474510702,Queens,Local
Q110,W,5.853146004150443,3.929510725290432,1404.7506540421118,386.3272354699103,5.401859436109037,1.0250897544235908,12.301077053083093,7.0,55.45943474510702,Queens,Local
Q111,N,9.999145734057803,3.200273388456148,1703.0754393589066,868.8233842141199,3.261268628256628,0.7000598037247823,4.600392995905712,8.0,46.13902293410541,Queens,Local
Q111,S,9.769373785168824,3.2755425991152216,1663.9320894349162,835.6087184915191,2.288093819868783,0.7165249435564547,4.60623178000578,8.0,46.13902293410541,Queens,Local
Q112,E,6.083002900801193,4.602989749735631,1189.5614371571266,322.48207775808874,9.759196252602209,1.4795324195578814,10.521119427967156,21.0,178.79545924519385,Queens,Local
Q112,W,5.778784113726498,4.845309921422893,1130.067582343575,256.5133286000487,7.83111412156146,1.2113274803557232,10.901947323201508,21.0,178.79545924519385,Queens,Local
Q113,N,10.425643798437374,1.822429421849975,3058.176844556886,2614.247962916909,3.1278651662783936,0.1918346759842079,5.467288265549925,13.0,59.66998386402336,Queens,Local
Q113,S,10.124620352722935,1.8766135754305195,2969.888293525746,2619.2021794457773,2.207820397139179,0.2963074066469242,5.23476418409566,13.0,59.66998386402336,Queens,Local
Q114,N,11.261403080886778,2.663966451118066,2050.344559081269,1907.3510771644844,2.8957317378623437,0.2663966451118065,5.239134020532196,18.0,81.09139457862501,Queens,Local
Q114,S,10.94767258107604,2.740308479069559,1993.2312085919937,1904.8529707529103,2.0418348438348923,0.2740308479069559,5.023898878294191,18.0,81.09139457862501,Queens,Local
Q115,N,3.9058464949257616,5.1205289368086495,1085.3985187265346,309.765926466516,8.349048178905864,0.2560264468404324,8.448872745734272,7.0,82.20413706911245,Queens,Local
Q115,S,3.6043205170060295,4.994006475026785,1119.4452824364655,418.7913777796791,6.201832829848112,0.2774448041681547,8.87823373338095,7.0,82.20413706911245,Queens,Local
Q12,E,5.670418089528644,4.056138301772363,1360.9003414868746,280.2112279541197,0.0,0.176353839207494,11.639353387694609,5.0,38.08300905723922,Queens,Local
Q12,W,5.703185818209225,4.032833706130568,1368.755568774459,604.8445200075695,2.636184671922244,0.1753405959187203,12.0985011183917,5.0,38.08300905723922,Queens,Local
Q121,E,11.662141414481797,0.8574754536574404,6841.763915401203,6997.001929679779,1.6949848479142122,0.5144852721944642,5.144852721944642,18.0,81.58166959850189,Queens,Local
Q121,W,11.15047835124022,0.807140260399588,7359.315711818544,9687.066980376338,2.844811771201837,0.3587290046220391,4.573794808930998,18.0,81.58166959850189,Queens,Local
Q13,E,5.7339550144170754,3.4879938802647263,1593.4272919651237,767.3071569207721,0.0,0.1743996940132363,9.41758347671476,12.0,93.41728790603716,Queens,Local
Q14,N,5.639133603090264,4.965301759237608,1102.7571330157998,288.30188959916734,5.71677089475259,1.7733220568705743,8.511945872978757,15.0,174.5353257858486,Queens,Local
Q14,S,5.975312211792092,4.35123706987056,1261.9796836271764,415.5963391066912,2.352129122093027,1.5061974472628863,8.70247413974112,15.0,174.5353257858486,Queens,Local
Q15,N,4.147126666289287,5.063746948146658,1094.823118844697,190.21524596338335,0.0,3.858092912873644,4.099223719928247,17.0,190.25406045340895,Queens,Local
Q16,E,4.568028650353494,4.816081877747756,1148.5324970054346,269.0901785726961,0.0,0.8756512504995919,5.253907502997552,11.0,143.73274941800267,Queens,Local
Q16,W,4.723642319060911,4.869123961225866,1132.4600020792775,262.1568016493733,0.0,1.2702062507545735,4.869123961225866,11.0,143.73274941800267,Queens,Local
Q18,E,5.542196890288048,5.232582056191216,1045.096557864027,300.64427036500655,0.1121554826494382,3.247809552118686,10.28473024837584,22.0,220.6924291542078,Queens,Local
Q18,W,5.510217631558873,5.262950021049483,1039.0615376413928,251.2226319639683,0.2275795968692787,3.992582774589263,9.255532795638745,22.0,220.6924291542078,Queens,Local
Q19,E,6.140159642504047,4.071555375684765,1349.8842670620943,1070.5068314104744,3.457576087865713,0.8143110751369531,6.188764171040844,9.0,79.21645736702388,Queens,Local
Q19,W,6.454130723229974,3.873488324309728,1419.899340749267,1632.9768507017654,5.120257800003065,1.394455796751502,5.422883654033618,9.0,79.21645736702388,Queens,Local
Q2,W,4.341964446521192,4.606209987745091,1206.5993174712112,859.5980146007398,24.21728555496433,2.3031049938725454,9.212419975490182,11.0,126.74129600821384,Queens,Local
Q20,N,8.672011193636662,4.6125401716906405,1174.053256457716,383.7491330818537,27.4545410722927,0.115313504292266,10.262901882011674,18.0,121.46597091282943,Queens,Local
Q20,S,8.997264904765387,4.668085295316221,1158.2711000090092,352.8449345700753,27.139654360558747,0.1111448879837195,10.781054134420796,18.0,121.46597091282943,Queens,Local
Q23,N,6.393622117029467,4.692175960805495,1164.0757323981811,600.7263540299191,1.7518024602499451,1.094841057521282,10.166381248411906,13.0,124.90636056619203,Queens,Local
Q23,S,5.607133975184315,4.815294251839679,1138.670678291537,340.99848253848785,0.1114605830921457,1.426753852396942,9.987276966778593,13.0,124.90636056619203,Queens,Local
Q24,E,8.097894483680854,6.050955603181349,890.768393204894,392.8164692432364,4.50199031429144,0.7409333391650632,9.385155629424132,13.0,118.83291594941824,Queens,Local
Q24,W,8.301496954215345,6.143470301955981,876.3682052316996,453.1587780303904,5.57701318316645,0.1204602019991368,10.118656967927498,13.0,118.83291594941824,Queens,Local
Q25,N,8.306389158702476,4.454402423613354,1218.270243441942,381.0407358465487,6.982568277892655,1.324281801614781,9.149583356611211,21.0,134.26835823498166,Queens,Local
Q25,S,8.415941149694378,4.396418575401237,1234.3362704843616,365.6108253764649,11.5570629263243,1.3070433602544216,9.268125645440444,21.0,134.26835823498166,Queens,Local
Q26,N,5.9713445673821335,4.8565276501392285,1126.0247403967448,251.4505250797487,6.835921446840826,1.6746647069445617,6.866125298472702,9.0,85.23242710049591,Queens,Local
Q26,S,6.053180124793288,4.6256677354295945,1183.7227248560152,258.2860298360048,7.561838184218287,1.6520241912248552,6.773299184021907,9.0,85.23242710049591,Queens,Local
Q28,E,4.853841137366356,4.326470398533559,1281.4039720643332,703.3920779386364,0.0,1.8542015993715253,7.416806397486101,23.0,213.88092672579944,Queens,Local
Q29,N,3.616336502505828,5.253935851056599,1060.7920407350427,364.7227496312573,14.285814984329054,2.488706455763652,6.913073488232367,10.0,170.69503199909235,Queens,Local
Q29,S,3.890208674391,4.884056766691158,1141.111241954677,417.90126678641207,6.093474576599447,1.0282224771981383,8.225779817585108,10.0,170.69503199909235,Queens,Local
Q3,N,11.500439821221551,3.304221455068118,1641.1344411914724,2159.517533525572,9.26281174318135,1.1303915504180404,6.869302498694245,18.0,81.76802198958858,Queens,Local
Q3,S,11.416522451367108,3.5912862410295814,1506.980963580458,1264.7421421871666,11.28344963840874,0.963515820764034,6.569426050663868,18.0,81.76802198958858,Queens,Local
Q30,E,7.933026771577174,3.277437571892993,1675.4544721515338,897.3037074917321,14.109939832406754,0.3781658736799607,6.302764561332679,8.0,82.19103790081415,Queens,Local
Q32,E,7.270603780210162,3.988664611175076,1371.0214746484546,1438.1923159099117,12.261536989658332,0.137540159006037,10.728132402470893,10.0,64.59965054272901,Queens,Local
Q32,W,7.506057748233872,4.129997535296622,1321.0661636891614,1456.4454990385052,17.347829323826172,0.1332257269450523,10.924509609494288,10.0,64.59965054272901,Queens,Local
Q33,N,2.8374808518584778,3.876678143147743,1498.1818132635758,613.8483037921753,0.2194559109553399,2.1145517144442234,7.753356286295486,7.0,217.0010966623368,Queens,Local
Q33,S,2.2469907717298643,4.895436215579808,1186.3890338310507,330.232228189513,0.2767853728096583,0.8900793119236016,9.790872431159617,7.0,217.0010966623368,Queens,Local
Q36,E,9.62300269180858,3.4292830478048915,1587.7954441484158,837.340032548451,22.58545012166768,0.1039176681152997,8.833001789800477,11.0,67.19540006222614,Queens,Local
Q36,W,9.438079732744576,3.4964739580986417,1557.283155902855,849.0456871517715,20.15924607662012,0.1059537563060194,9.112023042317672,11.0,67.19540006222614,Queens,Local
Q38,E,4.185656082960059,5.733868125884679,960.8810138618484,330.9751474231564,0.297861183944186,3.822578750589786,7.167335157355849,13.0,220.66569140612165,Queens,Local
Q38,W,3.9386446166222826,5.585677851500814,990.2875960383504,313.4241444542446,0.3166189386536038,3.808416716932373,7.870727881660239,13.0,220.66569140612165,Queens,Local
Q39,N,6.653049447288925,4.659517450698085,1170.9256848541895,476.6513453280261,0.0,0.9018420872318876,10.822105046782651,21.0,216.818317977792,Queens,Local
Q39,S,6.623875732496905,4.529070473472084,1205.9976690085473,471.0594113548013,0.0,1.358721142041625,10.567831104768194,21.0,216.818317977792,Queens,Local
Q4,E,4.652057134240584,4.944049339100516,1116.4859277072192,672.0403247874096,36.50925257000582,0.2149586669174137,9.458181344366205,12.0,111.3768712979038,Queens,Local
Q40,N,3.05579829601582,3.9269607603504846,1466.7831820875936,885.4913063495826,10.280895562381072,5.56319441049652,5.56319441049652,18.0,259.64944476730875,Queens,Local
Q40,S,3.0132118337074387,3.982461460479288,1446.3349077977407,868.6460944887752,10.523521962323256,5.641820402345658,5.641820402345658,18.0,259.64944476730875,Queens,Local
Q42,W,2.335493417946628,5.56627558874888,1027.6100644686446,401.9085537339373,19.549687879435567,4.709925498172129,5.138100543460504,21.0,412.0299801746508,Queens,Local
Q43,E,6.652437754061658,3.4573792119974827,1596.583836482081,954.574899758049,37.272069811109766,0.1503208353042383,13.07791267146874,8.0,56.94527999998398,Queens,Local
Q44+,N,13.49390239391481,2.297333943513606,2374.9189325975062,2606.630269110278,20.71152137338398,0.074107546564955,6.966109377105773,30.0,117.89521472047724,Queens,SBS
Q44+,S,14.045048159591156,2.278383073976693,2392.188847827139,2559.672785901211,20.350920794579487,0.213598413185315,7.4759444614860255,30.0,117.89521472047724,Queens,SBS
Q45,E,3.607920203606739,3.880351895256603,1464.5292566561318,392.4570474536466,0.1351219095586649,0.2771679925183288,5.543359850366576,4.0,78.44209988629946,Queens,Local
Q45,W,3.592029479916582,3.8975181240230583,1458.9033209306003,577.5588498728009,0.0,0.2783941517159327,5.567883034318655,4.0,78.44209988629946,Queens,Local
Q47,N,6.195007614115192,5.16544966419229,1055.149683952523,331.92501799596624,0.2966102243391846,1.6142030200600908,6.94107298625839,25.0,224.58964880779385,Queens,Local
Q48,E,7.832696047967349,3.447088950554481,1590.6398128179849,856.013711877886,0.0622397439198711,1.5320395335797692,5.362138367529193,10.0,75.32378744084248,Queens,Local
Q48,W,7.363435589398018,3.395154299440789,1619.9486429233243,926.1304605372296,0.0,0.271612343955263,5.568053051082893,10.0,75.32378744084248,Queens,Local
Q49,E,2.6154483558281947,6.117497967163462,920.6217250975042,308.1359879587057,0.2526039384433023,0.3823436229477164,11.087965065483775,10.0,223.48857379161024,Queens,Local
Q49,W,2.49738964938433,6.006271389687981,941.8718103945224,236.96025164119425,0.2490601617731831,0.8008361852917308,12.012542779375964,10.0,223.48857379161024,Queens,Local
Q50,S,11.832820442960388,2.281789040081556,2402.9727668781097,2917.872098283521,1.788312482837172,0.5915749363174405,3.295917502340026,19.0,88.85107572817095,Queens,Local
Q51,E,5.538333115247886,2.527836392046524,2249.391649627699,1099.287151154548,0.2270277774255585,0.1805597422890374,10.111345568186096,6.0,66.84090581590736,Queens,Local
Q51,W,5.683441614660949,2.4632961767190045,2308.34981998752,833.0544329059234,0.2220206662055261,0.3518994538170006,10.55698361451002,6.0,66.84090581590736,Queens,Local
Q52+,N,13.388871463492997,1.6431556655082311,3366.277194806339,2679.600967403837,27.453316447954567,0.2240666816602133,5.452289253731859,10.0,35.71347274821232,Queens,SBS
Q52+,S,12.956822666645609,1.6207677252587336,3420.5959513810994,2747.0639014066955,21.62823272793589,0.3087176619540445,4.553585513822156,10.0,35.71347274821232,Queens,SBS
Q53+,N,14.580880990108849,1.5774081151613804,3499.3885950455806,2563.962870396377,32.469029935991536,0.4800807307012896,5.69238580688672,15.0,47.65293077750956,Queens,SBS
Q53+,S,14.204658304780995,1.6191871361142611,3409.1179931474394,2559.908354993519,26.91737266002197,0.4223966442037203,4.927960849043404,15.0,47.65293077750956,Queens,SBS
Q54,E,9.585308739181375,4.590358140488834,1176.9811055397272,507.1826813547078,8.333935145470106,0.2086526427494924,11.475895351222086,12.0,68.1275259112942,Queens,Local
Q54,W,9.747793398297194,4.1034927973532405,1319.6994993004598,495.8379000285347,8.195014404937726,0.205174639867662,11.489779832589072,12.0,68.1275259112942,Queens,Local
Q55,E,4.195187600476162,5.244103981786883,1054.7840652924388,354.7999369752304,0.3119067836317624,0.2383683628084947,10.964944689190755,1.0,14.631878014835015,Queens,Local
Q55,W,4.1968308332269,5.242050698308567,1055.2007531080762,408.2814245645477,0.3117846905202996,0.2382750317412985,10.960651460099731,1.0,14.631878014835015,Queens,Local
Q56,E,6.5781710534366775,6.232735462021788,868.3123698086529,360.12356347094453,12.253165118167942,0.3040358761961848,10.489237728768376,1.0,43.87688155336346,Queens,Local
Q56,W,6.579231162241645,6.079737740415764,890.7266804265612,308.60406827771465,12.317328175741252,0.1519934435103941,10.183560715196403,1.0,43.87688155336346,Queens,Local
Q58,W,8.310308166061182,3.609974431816893,1513.0395408400486,943.092248997832,7.74985558836359,0.6016624053028155,10.589258333329552,20.0,128.93075531054168,Queens,Local
Q59,E,7.221859956733437,5.400270876706439,1002.600284735462,352.8375972371797,0.0860717002939799,0.5538739360724553,9.277388429213625,22.0,161.49858228918754,Queens,Local
Q59,W,7.089724079683967,5.359870084209807,1011.7214792273948,379.3894318260482,1.4240594881029542,0.84629527645418,8.88610040276889,22.0,161.49858228918754,Queens,Local
Q6,N,5.358251413510953,4.292445095428889,1285.974280239619,430.6597305954085,18.13623921816839,0.373256095254686,8.958146286112465,13.0,109.22053904641182,Queens,Local
Q6,S,5.470152481872187,4.204635990718879,1312.8365956493249,417.5880796522149,12.971840099004003,0.1828102604660382,9.506133544233988,13.0,109.22053904641182,Queens,Local
Q61,N,4.808274136996491,3.3275972925275985,1692.4989967341862,468.0118924988663,5.24019310643489,2.4956979693956987,5.199370769574372,24.0,263.36016180019107,Queens,Local
Q61,S,4.646206405893186,3.443669652666703,1633.1934010533214,342.525423948797,4.39966925688559,2.1522935329166897,5.165504479000055,24.0,263.36016180019107,Queens,Local
Q63,E,6.367285772456714,3.455161396268171,1599.82752906087,1521.3045217972278,43.62514688533337,0.1570527907394623,13.50654000359376,3.0,49.17182561455817,Queens,Local
Q63,W,6.391291070717941,3.285721111374927,1687.2907203591574,1570.6823759266351,6.90086046335441,0.1564629100654727,10.95240370458309,3.0,49.17182561455817,Queens,Local
Q64,E,2.7324678571898486,4.757603997351167,1199.045501916289,567.2597740470345,0.0,0.365969538257782,6.587451688640076,5.0,113.04633654515706,Queens,Local
Q64,W,2.3830192886258663,5.035628564685108,1143.7983762128486,595.8024562358945,0.0,0.4196357137237591,7.553442847027663,5.0,113.04633654515706,Queens,Local
Q65,S,6.312537259769059,4.277202476423526,1281.1413969368637,408.0209901532784,11.283123765047511,0.1584149065342046,8.871234765915462,17.0,139.4130536949235,Queens,Local
Q66,W,7.129358601953904,4.067687097693772,1344.3912101839103,1205.4477548968937,16.714267373386964,0.4207952170028039,11.221205786741438,12.0,90.41696213392636,Queens,Local
Q67,E,6.410888772460679,3.899615308784136,1410.383975645521,653.8443621427393,0.0,1.7158307358650196,5.77143065700052,22.0,219.87866528274725,Queens,Local
Q67,W,6.342894735248982,4.256731528264933,1288.0900390508457,523.8698896590231,0.0,1.1035970628835012,5.990955484224721,22.0,219.87866528274725,Queens,Local
Q69,N,4.892090531356715,5.519112908262582,993.4594256626696,267.0894856784584,35.38874327567717,0.8176463567796418,10.016167870550612,9.0,97.33796315199828,Queens,Local
Q69,S,4.79303245491767,5.424540777587246,1012.2779647297704,272.16498179101063,36.12003292874144,0.4172723675067111,10.223173003914424,9.0,97.33796315199828,Queens,Local
Q72,N,4.188984283256032,4.058263018066557,1382.3648134744908,1357.5635239735466,0.1571272524115556,0.2387213540039151,8.116526036133115,6.0,104.586933790828,Queens,Local
Q72,S,3.922021545495476,4.844440495698423,1150.454880996176,520.8236962000504,0.1678222901783513,0.7649116572155404,8.923969334181306,6.0,104.586933790828,Queens,Local
Q74,E,6.035270281907441,2.6510825949195462,2123.1480533799163,895.9717734090684,0.0,0.1656926621824716,4.639394541109206,11.0,102.88096311483656,Queens,Local
Q74,W,6.0322557178280025,2.652407448960241,2123.348621374941,841.5799016441051,0.0,1.1604282589201054,5.304814897920482,11.0,102.88096311483656,Queens,Local
Q75,N,5.975200426428976,3.3471680567463102,1653.0295838061331,1028.3782450626777,18.73323876340813,0.334716805674631,6.6943361134926205,10.0,113.39630931480276,Queens,Local
Q75,S,6.024714288038408,3.3196594965023345,1673.015117551081,803.7930317091965,20.52273089761943,0.8299148741255836,7.469233867130252,10.0,113.39630931480276,Queens,Local
Q76,N,9.694322302903712,4.435585970472669,1218.7148037936097,484.7659097727191,22.4348789527885,1.5472974315602332,8.252252968321244,9.0,48.57053374748506,Queens,Local
Q76,S,9.459751161215625,4.545574113650818,1189.2258602671068,478.4704848812716,20.12899736722893,1.797087440280556,7.822615916515361,9.0,48.57053374748506,Queens,Local
Q77,N,7.443926020404096,4.030131400791573,1355.3079099218494,922.921735893254,25.561867059741186,0.134337713359719,9.269302221820618,15.0,91.2449837491542,Queens,Local
Q80,N,3.9304563896713054,4.070774081617032,1383.5076992435736,395.8160568768007,0.0,0.2544233801010644,9.413665063739383,8.0,92.92590837930618,Queens,Local
Q80,S,4.060767554632424,4.186400667185891,1340.035437373458,562.9893363338094,0.0,0.9850354511025629,8.619060197147423,8.0,92.92590837930618,Queens,Local
Q83,E,4.872519039784676,5.130816277139635,1071.9516752378292,437.1907532561811,12.302344878838538,1.4366285575990978,7.59360809016666,17.0,166.85915343511743,Queens,Local
Q84,N,5.274890341634093,4.92901241847343,1114.0568177811515,702.7489533946224,35.414409388610494,2.654083609947232,4.92901241847343,8.0,90.88386939957044,Queens,Local
Q86,N,7.260235356998988,3.44341454108641,1597.2517785397774,700.3971704086894,41.11529327027709,1.2396292347911075,8.401931480250841,13.0,131.22108153507378,Queens,Local
Q86,S,6.980584983286418,3.724616212287606,1474.2995484700916,693.5955681915012,48.44440756851521,1.2892902273303253,8.308759242795428,13.0,131.22108153507378,Queens,Local
Q87,N,6.339018918740177,3.470568597762176,1593.81047099753,733.4359435878533,47.09035354942542,0.3155062361601978,8.67642149440544,10.0,78.13785187526447,Queens,Local
Q87,S,6.986400878040656,3.292109972144968,1676.713946792831,1056.7036246962089,48.40401353334726,0.286270432360432,7.872436889911879,10.0,78.13785187526447,Queens,Local
Q89,N,6.968138180579937,3.5877589324612567,1532.9903997275862,741.6513184604787,28.93784754148457,0.7175517864922514,5.596903934639561,13.0,140.83187823450447,Queens,Local
Q89,S,7.579348790342252,3.5623113207831136,1539.1719925536422,970.7373718518796,32.22525808882262,0.527749825301202,5.409435709337321,13.0,140.83187823450447,Queens,Local
Q9,N,3.127078311968894,3.5176605452756,1651.0926178521297,630.08197557593,31.0765350012322,3.5176605452756,9.593619668933451,10.0,142.59296824316573,Queens,Local
Q9,S,3.1752854449106405,3.464255479024993,1676.5507149128182,748.1947074151972,22.347006932887865,2.519458530199995,9.44796948824998,10.0,142.59296824316573,Queens,Local
Q90,W,3.885195730895267,2.316485609317327,2564.202453832263,1690.125171013984,4.042034774810532,0.2573872899241474,2.316485609317327,9.0,154.72689607035514,Queens,Local
Q92,E,1.220305551105167,2.458400682749543,3221.606654917641,2459.5747241730464,10.595192992295097,0.8194668942498476,13.93093720224741,6.0,230.51188411898556,Queens,Local
Q93,E,1.1819526881278264,4.230287768895245,1560.140966185745,400.6641369409674,0.0,1.692115107558098,12.690863306685737,7.0,297.8871871279594,Queens,Local
Q93,W,1.122137288985582,3.564626217542437,1974.8660589027825,1128.8295289418263,0.0,0.8911565543856093,10.693878652627312,7.0,297.8871871279594,Queens,Local
Q96,W,1.4933317167273317,2.0089307461938626,3942.3537058253696,2910.632166294029,17.420423994915733,0.6696435820646208,10.714297313033931,6.0,197.4768370954474,Queens,Local
Q98,E,7.459639180732655,2.2789306008136347,2461.668502582745,1229.6491202245247,6.418437979441115,0.6702737061216573,9.11572240325454,19.0,146.21043513392866,Queens,Local
Q98,W,7.779280721820049,2.3138385981511025,2416.1365752216607,1303.567015284234,7.5494905962074945,0.7712795327170342,8.998261215032066,19.0,146.21043513392866,Queens,Local
S40,E,9.41912281896292,5.202182935904755,1036.102570106502,1288.061488729623,0.0,1.0616699869193378,2.866508964682212,13.0,101.2959412326978,Staten Island,Local
S40,W,10.239068770662794,4.687926321730611,1150.258586958359,1827.9061787314283,0.0,1.367311843838095,2.539293424270748,13.0,101.2959412326978,Staten Island,Local
S48,E,6.981864564852328,6.588497896617812,819.2033389340711,327.25551062374063,12.544977309552904,0.8593692908631929,7.8775518329126015,13.0,102.305576610832,Staten Island,Local
S52,N,8.653508347682406,6.47136372324619,830.7322702582469,313.4090009910083,11.352863181036188,2.8890016621634778,4.391282526488486,38.0,252.1509461618244,Staten Island,Local
S53,E,9.32983655301031,4.930418634735665,1094.692109743703,2196.1778846013444,0.1551151549744656,0.75028109659021,4.930418634735665,17.0,114.80247373867115,Staten Island,Local
S66,W,7.683295864575768,6.247318969103673,863.1424935325116,352.77876585751363,11.463108914923302,0.5206099140919727,5.7267090550117,26.0,155.33761438841756,Staten Island,Local
S76,S,9.238269082080675,7.685422384775257,696.829270603191,213.0850365063297,0.1346059217192676,0.8659630856084797,5.195778513650878,16.0,89.65771038859778,Staten Island,Local
S79+,W,14.881157477141292,1.545578698117397,3571.4698060090377,2652.2042368370503,25.4078031921224,0.9407870336366762,4.905532389676955,17.0,75.10294390320585,Staten Island,SBS
S81,S,7.695176815481139,4.548303546396372,1195.0091904116125,1009.8221746269388,1.6868922355439482,0.5198061195881567,5.068109665984529,7.0,89.37103262630544,Staten Island,Local
S86,S,9.238268173935293,5.953496798802199,903.2971138373288,1009.9811546227244,0.1346059349515185,0.8659631707348653,5.195779024409192,7.0,86.99351106718767,Staten Island,Local
S89,S,12.36046374180381,1.3753529281029324,4078.928878653126,3501.4989593802466,9.700239910908676,0.1618062268356391,3.64064010380188,24.0,106.07926322031491,Staten Island,Local
S90,E,9.419121974543904,2.0171731559851707,2762.939939254428,2378.4567686205246,0.0,1.0616700820974585,2.8665092216631374,13.0,101.29656279134925,Staten Island,Local
S90,W,10.239064548222014,1.8556382675895229,3003.451738475309,3169.251650997749,0.0,1.3673124076975431,2.5392944714382946,13.0,101.29656279134925,Staten Island,Local
S91,W,10.07656736619248,3.47340505234225,1564.827749551525,1373.6154751499175,10.573977107911842,0.3969605774105428,5.954408661158143,30.0,136.63417008416437,Staten Island,Local
S92,E,8.44059392718716,4.739003006786047,1142.724987039374,1102.6769413904228,10.434685421108425,0.3554252255089535,5.805278683312907,11.0,83.71651660288339,Staten Island,Local
S93,E,9.047988882002498,2.431479557159996,2274.9167901669325,3124.188846310742,0.0,0.4420871922109083,3.868262931845448,10.0,70.39222963778138,Staten Island,Local
S94,E,10.339109799647488,3.7720849043821656,1436.5847441618514,1362.946406583545,3.670652762699542,1.5475220120542217,4.642566036162665,26.0,127.39525934180828,Staten Island,Local
S94,W,9.523782809048312,3.885010897649535,1396.8214786604194,1438.298370763039,1.939835556166952,1.6800047124970965,4.93501384296022,26.0,127.39525934180828,Staten Island,Local
S98,E,6.981862476701865,3.437478191540843,1602.7886620260326,1206.567486659594,12.54497806380695,0.8593695478852108,7.877554188947766,11.0,87.05191772529471,Staten Island,Local
S98,W,6.615297290319962,3.627954866838523,1518.63601505798,1220.93259111495,13.240115234403424,0.755823930591359,8.46522802262322,11.0,87.05191772529471,Staten Island,Local
